BEGIN TRANSACTION;
CREATE TABLE IF NOT EXISTS "Bookings" (
	"id"	integer NOT NULL,
	"schedule_date"	varchar(255) NOT NULL,
	"status"	varchar(10) NOT NULL,
	"created_at"	datetime NOT NULL,
	"course_id_id"	integer,
	"student_id_id"	integer,
	PRIMARY KEY("id" AUTOINCREMENT),
	FOREIGN KEY("course_id_id") REFERENCES "Courses"("id") DEFERRABLE INITIALLY DEFERRED,
	FOREIGN KEY("student_id_id") REFERENCES "Users"("id") DEFERRABLE INITIALLY DEFERRED,
	CONSTRAINT "bookings_status_valid" CHECK("status" IN ('pending', 'confirmed', 'cancelled'))
);
CREATE TABLE IF NOT EXISTS "Courses" ("id" integer NOT NULL PRIMARY KEY AUTOINCREMENT, "subject" varchar(255) NOT NULL, "price_per_hour" decimal NOT NULL, "location" varchar(255) NULL, "description" text NULL, "created_at" datetime NOT NULL, "teacher_id_id" integer NULL REFERENCES "Users" ("id") DEFERRABLE INITIALLY DEFERRED);
CREATE TABLE IF NOT EXISTS "Courses_students" ("id" integer NOT NULL PRIMARY KEY AUTOINCREMENT, "courses_id" integer NOT NULL REFERENCES "Courses" ("id") DEFERRABLE INITIALLY DEFERRED, "users_id" integer NOT NULL REFERENCES "Users" ("id") DEFERRABLE INITIALLY DEFERRED);
CREATE TABLE IF NOT EXISTS "Reviews" ("id" integer NOT NULL PRIMARY KEY AUTOINCREMENT, "rating" varchar(255) NOT NULL, "comment" varchar(255) NULL, "created_at" datetime NOT NULL, "course_id_id" integer NULL REFERENCES "Courses" ("id") DEFERRABLE INITIALLY DEFERRED, "student_id_id" integer NULL REFERENCES "Users" ("id") DEFERRABLE INITIALLY DEFERRED, CONSTRAINT "reviews_rating_valid" CHECK ("rating" IN ('1', '2', '3', '4', '5')));
CREATE TABLE IF NOT EXISTS "Users" ("id" integer NOT NULL PRIMARY KEY AUTOINCREMENT, "name" varchar(255) NOT NULL, "email" varchar(255) NOT NULL UNIQUE, "password" varchar(255) NOT NULL, "role" varchar(10) NOT NULL, "created_at" datetime NOT NULL, "updated_at" datetime NOT NULL, CONSTRAINT "users_role_valid" CHECK ("role" IN ('teacher', 'student', 'both')));
CREATE TABLE IF NOT EXISTS "auth_group" ("id" integer NOT NULL PRIMARY KEY AUTOINCREMENT, "name" varchar(150) NOT NULL UNIQUE);
CREATE TABLE IF NOT EXISTS "auth_group_permissions" ("id" integer NOT NULL PRIMARY KEY AUTOINCREMENT, "group_id" integer NOT NULL REFERENCES "auth_group" ("id") DEFERRABLE INITIALLY DEFERRED, "permission_id" integer NOT NULL REFERENCES "auth_permission" ("id") DEFERRABLE INITIALLY DEFERRED);
CREATE TABLE IF NOT EXISTS "auth_permission" ("id" integer NOT NULL PRIMARY KEY AUTOINCREMENT, "content_type_id" integer NOT NULL REFERENCES "django_content_type" ("id") DEFERRABLE INITIALLY DEFERRED, "codename" varchar(100) NOT NULL, "name" varchar(255) NOT NULL);
CREATE TABLE IF NOT EXISTS "auth_user" ("id" integer NOT NULL PRIMARY KEY AUTOINCREMENT, "password" varchar(128) NOT NULL, "last_login" datetime NULL, "is_superuser" bool NOT NULL, "username" varchar(150) NOT NULL UNIQUE, "last_name" varchar(150) NOT NULL, "email" varchar(254) NOT NULL, "is_staff" bool NOT NULL, "is_active" bool NOT NULL, "date_joined" datetime NOT NULL, "first_name" varchar(150) NOT NULL);
CREATE TABLE IF NOT EXISTS "auth_user_groups" ("id" integer NOT NULL PRIMARY KEY AUTOINCREMENT, "user_id" integer NOT NULL REFERENCES "auth_user" ("id") DEFERRABLE INITIALLY DEFERRED, "group_id" integer NOT NULL REFERENCES "auth_group" ("id") DEFERRABLE INITIALLY DEFERRED);
CREATE TABLE IF NOT EXISTS "auth_user_user_permissions" ("id" integer NOT NULL PRIMARY KEY AUTOINCREMENT, "user_id" integer NOT NULL REFERENCES "auth_user" ("id") DEFERRABLE INITIALLY DEFERRED, "permission_id" integer NOT NULL REFERENCES "auth_permission" ("id") DEFERRABLE INITIALLY DEFERRED);
CREATE TABLE IF NOT EXISTS "django_admin_log" ("id" integer NOT NULL PRIMARY KEY AUTOINCREMENT, "object_id" text NULL, "object_repr" varchar(200) NOT NULL, "action_flag" smallint unsigned NOT NULL CHECK ("action_flag" >= 0), "change_message" text NOT NULL, "content_type_id" integer NULL REFERENCES "django_content_type" ("id") DEFERRABLE INITIALLY DEFERRED, "user_id" integer NOT NULL REFERENCES "auth_user" ("id") DEFERRABLE INITIALLY DEFERRED, "action_time" datetime NOT NULL);
CREATE TABLE IF NOT EXISTS "django_content_type" ("id" integer NOT NULL PRIMARY KEY AUTOINCREMENT, "app_label" varchar(100) NOT NULL, "model" varchar(100) NOT NULL);
CREATE TABLE IF NOT EXISTS "django_migrations" ("id" integer NOT NULL PRIMARY KEY AUTOINCREMENT, "app" varchar(255) NOT NULL, "name" varchar(255) NOT NULL, "applied" datetime NOT NULL);
CREATE TABLE IF NOT EXISTS "django_session" ("session_key" varchar(40) NOT NULL PRIMARY KEY, "session_data" text NOT NULL, "expire_date" datetime NOT NULL);
INSERT INTO "Bookings" VALUES (1,'2025-07-01','pending','2025-07-01 14:14:34.830429',1,2);
INSERT INTO "Bookings" VALUES (2,'2025-07-12','confirmed','2025-07-01 14:14:50.164272',2,2);
INSERT INTO "Courses" VALUES (1,'English',500,'Taipei','English for TOEIC.','2025-07-01 14:11:27.216573',1);
INSERT INTO "Courses" VALUES (2,'Korean',600,'Taichung','traveling korean','2025-07-01 14:12:10.655489',3);
INSERT INTO "Courses_students" VALUES (1,1,2);
INSERT INTO "Courses_students" VALUES (2,2,2);
INSERT INTO "Reviews" VALUES (1,'5','Nice one!','2025-07-01 14:15:17.538796',1,2);
INSERT INTO "Users" VALUES (1,'Frank','frank@email.com','pbkdf2_sha256$600000$moIiz9roF6XWZjwzUA73ib$F09QbEkqoNkFmsjpZVfsqdtcD9j84MbPEGdW7XrKe4o=','teacher','2025-07-01 14:07:51.960495','2025-07-01 14:07:51.960495');
INSERT INTO "Users" VALUES (2,'shen','shen@email.com','pbkdf2_sha256$600000$DRteDeHxtqbAQq05cmF5E0$Q5+Br3f7rXuT4g7YX0OPjlecIQ8VBkRw5on1BYSWy+Y=','student','2025-07-01 14:08:19.259234','2025-07-01 14:08:19.259234');
INSERT INTO "Users" VALUES (3,'Max','max@email.com','pbkdf2_sha256$600000$o3metGhvuvNw1ehDdP6meN$echIJQGCprRb2f9OO8iwghDS8LBhkUy7Qv00AssnHBU=','both','2025-07-01 14:08:36.150076','2025-07-01 14:08:36.150076');
INSERT INTO "auth_permission" VALUES (1,1,'add_logentry','Can add log entry');
INSERT INTO "auth_permission" VALUES (2,1,'change_logentry','Can change log entry');
INSERT INTO "auth_permission" VALUES (3,1,'delete_logentry','Can delete log entry');
INSERT INTO "auth_permission" VALUES (4,1,'view_logentry','Can view log entry');
INSERT INTO "auth_permission" VALUES (5,2,'add_permission','Can add permission');
INSERT INTO "auth_permission" VALUES (6,2,'change_permission','Can change permission');
INSERT INTO "auth_permission" VALUES (7,2,'delete_permission','Can delete permission');
INSERT INTO "auth_permission" VALUES (8,2,'view_permission','Can view permission');
INSERT INTO "auth_permission" VALUES (9,3,'add_group','Can add group');
INSERT INTO "auth_permission" VALUES (10,3,'change_group','Can change group');
INSERT INTO "auth_permission" VALUES (11,3,'delete_group','Can delete group');
INSERT INTO "auth_permission" VALUES (12,3,'view_group','Can view group');
INSERT INTO "auth_permission" VALUES (13,4,'add_user','Can add user');
INSERT INTO "auth_permission" VALUES (14,4,'change_user','Can change user');
INSERT INTO "auth_permission" VALUES (15,4,'delete_user','Can delete user');
INSERT INTO "auth_permission" VALUES (16,4,'view_user','Can view user');
INSERT INTO "auth_permission" VALUES (17,5,'add_contenttype','Can add content type');
INSERT INTO "auth_permission" VALUES (18,5,'change_contenttype','Can change content type');
INSERT INTO "auth_permission" VALUES (19,5,'delete_contenttype','Can delete content type');
INSERT INTO "auth_permission" VALUES (20,5,'view_contenttype','Can view content type');
INSERT INTO "auth_permission" VALUES (21,6,'add_session','Can add session');
INSERT INTO "auth_permission" VALUES (22,6,'change_session','Can change session');
INSERT INTO "auth_permission" VALUES (23,6,'delete_session','Can delete session');
INSERT INTO "auth_permission" VALUES (24,6,'view_session','Can view session');
INSERT INTO "auth_permission" VALUES (25,7,'add_student','Can add student');
INSERT INTO "auth_permission" VALUES (26,7,'change_student','Can change student');
INSERT INTO "auth_permission" VALUES (27,7,'delete_student','Can delete student');
INSERT INTO "auth_permission" VALUES (28,7,'view_student','Can view student');
INSERT INTO "auth_permission" VALUES (29,8,'add_teacher','Can add teacher');
INSERT INTO "auth_permission" VALUES (30,8,'change_teacher','Can change teacher');
INSERT INTO "auth_permission" VALUES (31,8,'delete_teacher','Can delete teacher');
INSERT INTO "auth_permission" VALUES (32,8,'view_teacher','Can view teacher');
INSERT INTO "auth_permission" VALUES (33,9,'add_courses','Can add courses');
INSERT INTO "auth_permission" VALUES (34,9,'change_courses','Can change courses');
INSERT INTO "auth_permission" VALUES (35,9,'delete_courses','Can delete courses');
INSERT INTO "auth_permission" VALUES (36,9,'view_courses','Can view courses');
INSERT INTO "auth_permission" VALUES (37,10,'add_bookings','Can add bookings');
INSERT INTO "auth_permission" VALUES (38,10,'change_bookings','Can change bookings');
INSERT INTO "auth_permission" VALUES (39,10,'delete_bookings','Can delete bookings');
INSERT INTO "auth_permission" VALUES (40,10,'view_bookings','Can view bookings');
INSERT INTO "auth_permission" VALUES (41,11,'add_reviews','Can add reviews');
INSERT INTO "auth_permission" VALUES (42,11,'change_reviews','Can change reviews');
INSERT INTO "auth_permission" VALUES (43,11,'delete_reviews','Can delete reviews');
INSERT INTO "auth_permission" VALUES (44,11,'view_reviews','Can view reviews');
INSERT INTO "auth_permission" VALUES (45,12,'add_users','Can add users');
INSERT INTO "auth_permission" VALUES (46,12,'change_users','Can change users');
INSERT INTO "auth_permission" VALUES (47,12,'delete_users','Can delete users');
INSERT INTO "auth_permission" VALUES (48,12,'view_users','Can view users');
INSERT INTO "auth_user" VALUES (1,'pbkdf2_sha256$1000000$fOfh4CgAXoIDyKzwc81MbW$67eh1C0V2tv48V0i2ap0cBsUxVa8f9cyVIAjpwSgRqs=','2025-06-27 13:36:20.240450',1,'admin','','admin@admin.com',1,1,'2025-06-27 12:52:38.793226','');
INSERT INTO "django_admin_log" VALUES (1,'2','Student object (2)',1,'[{"added": {}}]',7,1,'2025-06-27 14:00:58.678603');
INSERT INTO "django_admin_log" VALUES (2,'2','rrrr',2,'[{"changed": {"fields": ["Student"]}}]',8,1,'2025-06-27 14:01:07.364736');
INSERT INTO "django_admin_log" VALUES (3,'1','Frank',1,'[{"added": {}}]',12,1,'2025-07-01 14:07:51.963033');
INSERT INTO "django_admin_log" VALUES (4,'2','shen',1,'[{"added": {}}]',12,1,'2025-07-01 14:08:19.260725');
INSERT INTO "django_admin_log" VALUES (5,'3','Max',1,'[{"added": {}}]',12,1,'2025-07-01 14:08:36.152076');
INSERT INTO "django_admin_log" VALUES (6,'1','Courses object (1)',1,'[{"added": {}}]',9,1,'2025-07-01 14:11:27.219574');
INSERT INTO "django_admin_log" VALUES (7,'2','Courses object (2)',1,'[{"added": {}}]',9,1,'2025-07-01 14:12:10.657485');
INSERT INTO "django_admin_log" VALUES (8,'1','Bookings object (1)',1,'[{"added": {}}]',10,1,'2025-07-01 14:14:34.831430');
INSERT INTO "django_admin_log" VALUES (9,'2','Bookings object (2)',1,'[{"added": {}}]',10,1,'2025-07-01 14:14:50.166274');
INSERT INTO "django_admin_log" VALUES (10,'1','Reviews object (1)',1,'[{"added": {}}]',11,1,'2025-07-01 14:15:17.540802');
INSERT INTO "django_content_type" VALUES (1,'admin','logentry');
INSERT INTO "django_content_type" VALUES (2,'auth','permission');
INSERT INTO "django_content_type" VALUES (3,'auth','group');
INSERT INTO "django_content_type" VALUES (4,'auth','user');
INSERT INTO "django_content_type" VALUES (5,'contenttypes','contenttype');
INSERT INTO "django_content_type" VALUES (6,'sessions','session');
INSERT INTO "django_content_type" VALUES (7,'tutor','student');
INSERT INTO "django_content_type" VALUES (8,'tutor','teacher');
INSERT INTO "django_content_type" VALUES (9,'tutor','courses');
INSERT INTO "django_content_type" VALUES (10,'tutor','bookings');
INSERT INTO "django_content_type" VALUES (11,'tutor','reviews');
INSERT INTO "django_content_type" VALUES (12,'tutor','users');
INSERT INTO "django_migrations" VALUES (1,'contenttypes','0001_initial','2025-06-26 16:16:10.468026');
INSERT INTO "django_migrations" VALUES (2,'auth','0001_initial','2025-06-26 16:16:10.474208');
INSERT INTO "django_migrations" VALUES (3,'admin','0001_initial','2025-06-26 16:16:10.479626');
INSERT INTO "django_migrations" VALUES (4,'admin','0002_logentry_remove_auto_add','2025-06-26 16:16:10.484226');
INSERT INTO "django_migrations" VALUES (5,'admin','0003_logentry_add_action_flag_choices','2025-06-26 16:16:10.487148');
INSERT INTO "django_migrations" VALUES (6,'contenttypes','0002_remove_content_type_name','2025-06-26 16:16:10.494585');
INSERT INTO "django_migrations" VALUES (7,'auth','0002_alter_permission_name_max_length','2025-06-26 16:16:10.499207');
INSERT INTO "django_migrations" VALUES (8,'auth','0003_alter_user_email_max_length','2025-06-26 16:16:10.503226');
INSERT INTO "django_migrations" VALUES (9,'auth','0004_alter_user_username_opts','2025-06-26 16:16:10.506022');
INSERT INTO "django_migrations" VALUES (10,'auth','0005_alter_user_last_login_null','2025-06-26 16:16:10.510548');
INSERT INTO "django_migrations" VALUES (11,'auth','0006_require_contenttypes_0002','2025-06-26 16:16:10.511416');
INSERT INTO "django_migrations" VALUES (12,'auth','0007_alter_validators_add_error_messages','2025-06-26 16:16:10.514616');
INSERT INTO "django_migrations" VALUES (13,'auth','0008_alter_user_username_max_length','2025-06-26 16:16:10.519321');
INSERT INTO "django_migrations" VALUES (14,'auth','0009_alter_user_last_name_max_length','2025-06-26 16:16:10.524236');
INSERT INTO "django_migrations" VALUES (15,'auth','0010_alter_group_name_max_length','2025-06-26 16:16:10.528189');
INSERT INTO "django_migrations" VALUES (16,'auth','0011_update_proxy_permissions','2025-06-26 16:16:10.531018');
INSERT INTO "django_migrations" VALUES (17,'auth','0012_alter_user_first_name_max_length','2025-06-26 16:16:10.534894');
INSERT INTO "django_migrations" VALUES (18,'sessions','0001_initial','2025-06-26 16:16:10.536730');
INSERT INTO "django_migrations" VALUES (23,'tutor','0001_initial','2025-06-27 14:08:56.245471');
INSERT INTO "django_migrations" VALUES (24,'tutor','0002_bookings_courses_reviews_users_and_more','2025-07-01 13:25:34.162257');
INSERT INTO "django_migrations" VALUES (25,'tutor','0003_bookings_bookings_status_valid_and_more','2025-07-01 13:58:28.228259');
INSERT INTO "django_migrations" VALUES (26,'tutor','0004_alter_courses_teacher_id','2025-07-01 14:10:26.900835');
INSERT INTO "django_session" VALUES ('jxsjb9x2ukrml9xb5uunylnho2unyqkz','.eJxVjDEOwjAMRe-SGUV1m8gOIztniJzYkAJKpaadEHenlTrA-t97_20ir0uJa9M5jmLOBszpd0ucn1p3IA-u98nmqS7zmOyu2IM2e51EX5fD_Tso3MpWKyPiAAJEmNJAIj35nJVSAEGR5HyGEG6gTjeBHDvCXjpW9eipM58v9ZI4Sw:1uV9Fc:vH-jxUW5TFUo9IYvkamRmYZmn21hjG-a1uZ-QscVTjQ','2025-07-11 13:36:20.245439');
CREATE INDEX "Bookings_course_id_id_46d962b7" ON "Bookings" ("course_id_id");
CREATE INDEX "Bookings_student_id_id_d0babdcb" ON "Bookings" ("student_id_id");
CREATE INDEX "Courses_students_courses_id_5a126de6" ON "Courses_students" ("courses_id");
CREATE UNIQUE INDEX "Courses_students_courses_id_users_id_308c076c_uniq" ON "Courses_students" ("courses_id", "users_id");
CREATE INDEX "Courses_students_users_id_cf68a92b" ON "Courses_students" ("users_id");
CREATE INDEX "Courses_teacher_id_id_ab2aa592" ON "Courses" ("teacher_id_id");
CREATE INDEX "Reviews_course_id_id_3ad88176" ON "Reviews" ("course_id_id");
CREATE INDEX "Reviews_student_id_id_01cf40d1" ON "Reviews" ("student_id_id");
CREATE INDEX "auth_group_permissions_group_id_b120cbf9" ON "auth_group_permissions" ("group_id");
CREATE UNIQUE INDEX "auth_group_permissions_group_id_permission_id_0cd325b0_uniq" ON "auth_group_permissions" ("group_id", "permission_id");
CREATE INDEX "auth_group_permissions_permission_id_84c5c92e" ON "auth_group_permissions" ("permission_id");
CREATE INDEX "auth_permission_content_type_id_2f476e4b" ON "auth_permission" ("content_type_id");
CREATE UNIQUE INDEX "auth_permission_content_type_id_codename_01ab375a_uniq" ON "auth_permission" ("content_type_id", "codename");
CREATE INDEX "auth_user_groups_group_id_97559544" ON "auth_user_groups" ("group_id");
CREATE INDEX "auth_user_groups_user_id_6a12ed8b" ON "auth_user_groups" ("user_id");
CREATE UNIQUE INDEX "auth_user_groups_user_id_group_id_94350c0c_uniq" ON "auth_user_groups" ("user_id", "group_id");
CREATE INDEX "auth_user_user_permissions_permission_id_1fbb5f2c" ON "auth_user_user_permissions" ("permission_id");
CREATE INDEX "auth_user_user_permissions_user_id_a95ead1b" ON "auth_user_user_permissions" ("user_id");
CREATE UNIQUE INDEX "auth_user_user_permissions_user_id_permission_id_14a6b632_uniq" ON "auth_user_user_permissions" ("user_id", "permission_id");
CREATE INDEX "django_admin_log_content_type_id_c4bce8eb" ON "django_admin_log" ("content_type_id");
CREATE INDEX "django_admin_log_user_id_c564eba6" ON "django_admin_log" ("user_id");
CREATE UNIQUE INDEX "django_content_type_app_label_model_76bd3d3b_uniq" ON "django_content_type" ("app_label", "model");
CREATE INDEX "django_session_expire_date_a5c62663" ON "django_session" ("expire_date");
COMMIT;
